id_syn,id_dico,genex:hasDico ^^resource,num,lib
429,4,27,1,à
430,4,27,2,afin
431,4,27,3,[0|m_ailleurs]
432,4,27,4,ainsi
433,4,27,5,alors
434,4,27,6,après
435,4,27,7,assez
436,4,27,8,au fur et à mesure
437,4,27,9,au gré
438,4,27,10,au-dedans
439,4,27,11,au-dehors
440,4,27,12,[m_au-delà]
441,4,27,13,au-dessous
442,4,27,14,au-dessus
443,4,27,15,aujourd'hui
444,4,27,16,auparavant
445,4,27,17,auprès
446,4,27,18,aussi
447,4,27,19,aussitôt
448,4,27,20,autant
449,4,27,21,autour
450,4,27,22,autrement
451,4,27,23,avec
452,4,27,24,beaucoup
453,4,27,25,bientôt
454,4,27,26,ça
455,4,27,27,car
456,4,27,28,ce
457,4,27,29,cela
458,4,27,30,cependant
459,4,27,31,chacun
460,4,27,32,ci
461,4,27,33,combien
462,4,27,34,comme
463,4,27,35,comment
464,4,27,36,[0|m_contre]
465,4,27,37,d’
466,4,27,38,dans
467,4,27,39,davantage
468,4,27,40,de
469,4,27,41,[m_dedans]
470,4,27,42,[m_dehors]
471,4,27,43,déjà
472,4,27,44,[m_demain]
473,4,27,45,depuis
474,4,27,46,[0|m_derrière]
475,4,27,47,dès
476,4,27,48,dessous
477,4,27,49,dessus
478,4,27,50,[0|m_devant]
479,4,27,51,donc
480,4,27,52,dont
481,4,27,53,durant
482,4,27,54,en
483,4,27,55,encore
484,4,27,56,enfin
485,4,27,57,ensuite
486,4,27,58,[0|m_entre]
487,4,27,59,envers
488,4,27,60,environ
489,4,27,61,et
490,4,27,62,guère
491,4,27,63,hors
492,4,27,64,ici
493,4,27,65,jamais
494,4,27,66,jusqu’
495,4,27,67,jusque
496,4,27,68,juste
497,4,27,69,la plupart
498,4,27,70,là
499,4,27,71,[0|m_loin]
500,4,27,72,longtemps
501,4,27,73,lors
502,4,27,74,lorsqu'
503,4,27,75,lorsque
504,4,27,76,mais
505,4,27,77,malgré
506,4,27,78,même
507,4,27,79,mieux
508,4,27,80,moi
509,4,27,81,moins
510,4,27,82,naguère
511,4,27,83,néanmoins
512,4,27,84,ni
513,4,27,85,non
514,4,27,86,nous
515,4,27,87,on
516,4,27,88,or
517,4,27,89,ou
518,4,27,90,où
519,4,27,91,oui
520,4,27,92,outre
521,4,27,93,par
522,4,27,94,parce
523,4,27,95,parfois
524,4,27,96,parmi
525,4,27,97,partout
526,4,27,98,pas
527,4,27,99,pendant
528,4,27,100,personne
529,4,27,101,peu
530,4,27,102,peut-être
531,4,27,103,plus
532,4,27,104,plusieurs
533,4,27,105,plutôt
534,4,27,106,pour
535,4,27,107,pourquoi
536,4,27,108,pourtant
537,4,27,109,près
538,4,27,110,presque
539,4,27,111,puisqu’
540,4,27,112,puisque
541,4,27,113,qu'
542,4,27,114,quand
543,4,27,115,quasi
544,4,27,116,que
545,4,27,117,quelconque
546,4,27,118,quelqu'un
547,4,27,119,quelque chose d'autre
548,4,27,120,quelque
549,4,27,121,quelquefois
550,4,27,122,qui
551,4,27,123,quoi
552,4,27,124,quoique
553,4,27,125,rien d'autre 
554,4,27,126,rien
555,4,27,127,s'
556,4,27,128,sans cesse
557,4,27,129,sans
558,4,27,130,sauf
559,4,27,131,selon
560,4,27,132,seulement
561,4,27,133,si
562,4,27,134,sinon
563,4,27,135,sitôt
564,4,27,136,soi
565,4,27,137,soit
566,4,27,138,-
567,4,27,139,sous
568,4,27,140,souvent
569,4,27,141,suivant
570,4,27,142,sur
571,4,27,143,surtout
572,4,27,144,tandis
573,4,27,145,tant pis
574,4,27,146,tant
575,4,27,147,tantôt
576,4,27,148,toi
577,4,27,149,tôt
578,4,27,150,tout
579,4,27,151,très
580,4,27,152,trop
581,4,27,153,vers
582,4,27,154,via
583,4,27,155,vite
584,4,27,156,voici
585,4,27,157,voilà
586,4,27,158,volontiers
587,4,27,159,vous
588,4,27,160,vu
589,4,27,161,y
590,4,27,162,nul
591,4,27,163,puis
592,4,27,164,quel
593,4,27,165,ô
594,4,27,166,je
595,4,27,167,te
596,4,27,168,[0|m_avant]
597,4,27,169,[0|m_bien]
598,4,27,170,pourvu
599,4,27,171,[s_hier]
600,4,27,172,quant
601,4,27,173,ceci
602,4,27,174,vôtre
603,4,27,175,ne
604,4,27,176,chez
605,4,27,177,mal
606,4,27,178,[0|m_autrefois]
607,4,27,179,tard
608,4,27,180,quiconque
609,4,27,181,quant
610,4,27,182,désormais
611,4,27,183,autrui
612,4,27,184,dorénavant
613,4,27,185,certes
614,4,27,186,notamment
615,4,27,187,deçà
616,4,27,188,quoiqu'
617,4,27,189,-
618,4,27,190,-
619,4,27,191,-
620,4,27,192,-
621,4,27,193,-
622,4,27,194,-
623,4,27,195,-
624,4,27,196,-
625,4,27,197,-
626,4,27,198,-
627,4,27,199,[010000100|v_être]
628,4,27,200,[s_beaucoup]
629,4,27,201,[s_certainement 1]
630,4,27,202,[s_complètement 1]
631,4,27,203,[s_longuement 1]
632,4,27,204,[s_maintenant 1]
633,4,27,205,[s_parfois 2]
634,4,27,206,[s_puis 1]
635,4,27,207,[s_sans-fin]
636,4,27,208,soudain
637,4,27,209,[s_souvent]
638,4,27,210,[s_toujours]
639,4,27,211,[s_un-peu 1]
640,4,27,212,[s_vraiment 1]
641,4,27,213,[s_seulement]
4846,34,30,6,terriblement
2327,41,34,160,down
2326,41,34,159,you
2325,41,34,158,gladly
2324,41,34,157,here is
2323,41,34,156,here
2322,41,34,155,quickly
2321,41,34,154,one's
2320,41,34,153,through
2319,41,34,152,too much
2318,41,34,151,very
2317,41,34,150,all
2316,41,34,149,-25
2315,41,34,148,whilst
2314,41,34,147,some
2313,41,34,146,so many
2312,41,34,145,inside
2311,41,34,144,while
2310,41,34,143,specially
2309,41,34,142,off
2308,41,34,141,according to
2307,41,34,140,thus
2306,41,34,139,overall
2305,41,34,138,everybody
2304,41,34,137,very well
2303,41,34,136,every
2302,41,34,135,as soon as
2301,41,34,134,otherwise
2300,41,34,133,whose
2299,41,34,132,only
2298,41,34,131,according to
2297,41,34,130,except if
2296,41,34,129,without
2295,41,34,128,upon
2294,41,34,127,if
2293,41,34,126,nothing
2292,41,34,125,in the course of
2291,41,34,124,whenever
2290,41,34,123,what
2289,41,34,122,who
2288,41,34,121,everything
2287,41,34,120,some
2286,41,34,119,something else
2285,41,34,117,any
2284,41,34,116,that
2283,41,34,115,like
2282,41,34,114,hardly
2281,41,34,113,which_s
2280,41,34,112,that's
2279,41,34,111,also
2278,41,34,110,almost
2277,41,34,109,near
2276,41,34,108,however
2275,41,34,107,why
2274,41,34,106,for
2273,41,34,105,a few
2272,41,34,104,many
2271,41,34,103,most
2270,41,34,102,maybe
2269,41,34,101,few
2268,41,34,100,nobody
2267,41,34,99,during
2266,41,34,98,not
2265,41,34,97,even
2264,41,34,96,among
2263,41,34,95,sometimes
2262,41,34,94,alone
2261,41,34,93,by
2260,41,34,92,whereas
2259,41,34,91,yes
2258,41,34,90,where
2257,41,34,89,or
2256,41,34,88,another
2255,41,34,87,throughout
2254,41,34,86,we
2253,41,34,85,anything
2252,41,34,83,nevertheless
2251,41,34,82,formerly
2250,41,34,81,less
2249,41,34,80,me
2248,41,34,79,better
2247,41,34,78,same
2246,41,34,77,whether
2245,41,34,76,but
2244,41,34,75,least
2243,41,34,74,when
2242,41,34,73,at the time of
2241,41,34,72,long
2240,41,34,71,far
2239,41,34,70,one
2238,41,34,69,several
2237,41,34,68,into
2236,41,34,67,no
2235,41,34,66,up to
2234,41,34,65,never
2233,41,34,64,here
2232,41,34,63,out
2231,41,34,62,hardly
2230,41,34,61,and
2229,41,34,60,finally
2228,41,34,59,in spite of
2227,41,34,58,between
2226,41,34,57,together
2225,41,34,56,at last
2224,41,34,55,still
2223,41,34,54,someone
2222,41,34,53,during
2221,41,34,52,of which
2220,41,34,51,mostly
2219,41,34,50,in front of
2218,41,34,49,over
2217,41,34,48,close to
2216,41,34,47,such
2215,41,34,46,back
2214,41,34,45,since
2213,41,34,44,to morrow
2212,41,34,43,yet
2211,41,34,42,along
2210,41,34,41,about
2209,41,34,40,away
2208,41,34,39,more
2207,41,34,38,in
2206,41,34,37,from
2205,41,34,36,against
2204,41,34,35,how
2203,41,34,34,as
2202,41,34,33,how many
2201,41,34,32,such as
2200,41,34,31,each
2199,41,34,30,yet
2198,41,34,29,this
2197,41,34,28,at
2196,41,34,27,up
2195,41,34,26,enough
2194,41,34,25,soon
2193,41,34,24,much
2192,41,34,23,with
2191,41,34,22,differently
2190,41,34,21,around
2189,41,34,20,as much as
2188,41,34,19,as soon as
2187,41,34,18,as well as
2186,41,34,17,none
2185,41,34,16,as well
2184,41,34,15,today
2183,41,34,14,us
2182,41,34,13,under
2181,41,34,11,outside
2180,41,34,10,nowadays
2179,41,34,9,the same number
2178,41,34,8,which
2177,41,34,7,rather
2176,41,34,6,after
2175,41,34,5,then
2174,41,34,4,so
2173,41,34,3,because
2172,41,34,2,of
2171,41,34,1,on
2007,34,30,-1,absolument
2008,34,30,-1,beaucoup
2009,34,30,-1,cent
2010,34,30,-1,cinquante
2011,34,30,-1,debout
2012,34,30,-1,deux
2013,34,30,-1,dix
2014,34,30,-1,hier
2015,34,30,-1,huit
2016,34,30,-1,lentement
2017,34,30,-1,longtemps
2018,34,30,-1,maintenant
2019,34,30,-1,nettement
2020,34,30,-1,onze
2021,34,30,-1,parfois
2022,34,30,-1,partout
2023,34,30,-1,plusieurs
2024,34,30,-1, !- 
2025,34,30,-1,sans fin
2026,34,30,-1,seize
2027,34,30,-1,seulement
2028,34,30,-1,simplement
2029,34,30,-1,soudain
2030,34,30,-1,souvent
2031,34,30,-1,tard
2032,34,30,-1,tellement
2033,34,30,-1,toujours
2034,34,30,-1,trente
2035,34,30,-1,trois
2036,34,30,-1,vingt
2037,34,30,-1,vite
2038,34,30,-1,vraiment
2039,34,30,-1,suffisamment
2040,34,30,-1,immédiatement
2041,34,30,-1,jadis
2042,34,30,-1,avec avidité
2043,34,30,-1,avec passion
2044,34,30,-1,avidement
2045,34,30,-1,intensément
2046,34,30,-1,au plus haut point
2047,34,30,-1,considérablement
2048,34,30,-1,extrêmement
2049,34,30,-1,fort
2050,34,30,-1,fortement
2051,34,30,-1,grandement
2052,34,30,-1,infiniment
2053,34,30,-1,prodigieusement
2054,34,30,-1,profondément
2055,34,30,-1,des conglomérats
2056,34,30,-1,des foultitudes
2057,34,30,-1,quantité
2058,34,30,-1,bien
2059,34,30,-1,convenablement
2060,34,30,-1,correctement
2061,34,30,-1,facilement
2062,34,30,-1,normalement
2063,34,30,-1,bizarrement
2064,34,30,-1,curieusement
2065,34,30,-1,étonnemment
2066,34,30,-1,étrangement
2067,34,30,-1,paradoxalement
2068,34,30,-1,cependant
2069,34,30,-1,apparemment
2070,34,30,-1,certainement
2071,34,30,-1,évidemment
2072,34,30,-1,sans-doute
2073,34,30,-1,sûrement
2074,34,30,-1,vraisemblablement
2075,34,30,-1,complètement
2076,34,30,-1,totalement
2077,34,30,-1,tout à fait
2078,34,30,-1,ergo
2079,34,30,-1,par conséquent
2080,34,30,-1,en vain
2081,34,30,-1,inutilement
2082,34,30,-1,vainement
2083,34,30,-1,ensemble
2084,34,30,-1,tous ensemble
2085,34,30,-1,exactement
2086,34,30,-1,précisément
2087,34,30,-1,d'habitude
2088,34,30,-1,fréquemment
2089,34,30,-1,généralement
2090,34,30,-1,habituellement
2091,34,30,-1,le plus souvent
2092,34,30,-1,fortuitement
2093,34,30,-1,attentivement
2094,34,30,-1,longuement
2095,34,30,-1,patiemment
2096,34,30,-1,douze
2097,34,30,-1,quatorze
2098,34,30,-1,quinze
2099,34,30,-1,sept
2100,34,30,-1,six
2101,34,30,-1,treize
2102,34,30,-1,de temps en temps
2103,34,30,-1,par intermittences
2104,34,30,-1,par intervalles
2105,34,30,-1,par moments
2106,34,30,-1,approximativement
2107,34,30,-1,quasiment
2108,34,30,-1,vaguement
2109,34,30,-1,ensuite
2110,34,30,-1,puis
2111,34,30,-1,continuellement
2112,34,30,-1,continuement
2113,34,30,-1,indéfiniment
2114,34,30,-1,inépuisablement
2115,34,30,-1,intarissablement
2116,34,30,-1,perpétuellement
2117,34,30,-1,excepté
2118,34,30,-1,mis à part
2119,34,30,-1,sauf
2120,34,30,-1,avec attention
2121,34,30,-1,avec minutie
2122,34,30,-1,avec soin
2123,34,30,-1,méthodiquement
2124,34,30,-1,méticuleusement
2125,34,30,-1,minutieusement
2126,34,30,-1,scrupuleusement
2127,34,30,-1,soigneusement
2128,34,30,-1,abruptement
2129,34,30,-1,brusquement
2130,34,30,-1,brutalement
2131,34,30,-1,soudainement
2132,34,30,-1,tout à coup
2133,34,30,-1,tout d'un coup
2134,34,30,-1,tout de suite
2135,34,30,-1,communément
2136,34,30,-1,la plupart du temps
2137,34,30,-1,notamment
2138,34,30,-1,particulièrement
2139,34,30,-1,spécialement
2140,34,30,-1,surtout
2141,34,30,-1,constamment
2142,34,30,-1,éternellement
2143,34,30,-1,sans arrêt
2144,34,30,-1,sans cesse
2145,34,30,-1,des siècles
2146,34,30,-1,entièrement
2147,34,30,-1,intégralement
2148,34,30,-1,tout
2149,34,30,-1,remarquablement
2150,34,30,-1,étonnamment
2151,34,30,-1,horriblement
2152,34,30,-1,légèrement
2153,34,30,-1,médiocrement
2154,34,30,-1,modérément
2155,34,30,-1,moyennement
2156,34,30,-1,sans exagération
2157,34,30,-1,un petit peu
2158,34,30,-1,un peu
2159,34,30,-1,un tant soit peu
2160,34,30,-1,à l'instant
2161,34,30,-1,aussitot
2162,34,30,-1,hâtivement
2163,34,30,-1,précipitamment
2164,34,30,-1,promptement
2165,34,30,-1,rapidement
2166,34,30,-1,sans tarder
2167,34,30,-1,subitement
2168,34,30,-1,décidément
2169,34,30,-1,effectivement
2170,34,30,-1,réellement
2328,41,34,161,above
2329,41,34,162,indoors
2330,41,34,163,somewhere
2331,41,34,164,until
2332,41,34,165,although
2333,41,34,166,I
2334,41,34,167,already
2335,41,34,168,before
2336,41,34,169,-151
2337,41,34,170,neither
2338,41,34,171,near
2339,41,34,172,therefore
2340,41,34,173,below
2341,41,34,174,either
2342,41,34,175,across
2343,41,34,176,again
2344,41,34,177,despite
2345,41,34,178,there
2346,41,34,179,thereafter
2347,41,34,180,early
2348,41,34,181,as for
2349,41,34,182,from then on
2350,41,34,183,others
2351,41,34,184,from now on
2352,41,34,185,certainly
2353,41,34,186,everywhere
2354,41,34,187,moreover
2355,41,34,188,though
2356,41,34,189,than
2357,41,34,190,indeed
2358,41,34,191,what
2359,41,34,192,to
2360,41,34,193,it
2361,41,34,194,-132
2362,41,34,195,at once
2363,41,34,196,toward
2364,41,34,197,further
2365,41,34,198,somewhat
2366,41,34,199,that is
2367,41,34,200,hence
2368,41,34,201,[s_certainement 1]
2369,41,34,202,[s_complètement 1]
2370,41,34,203,[s_longuement 1]
2371,41,34,204,[s_maintenant 1]
2372,41,34,205,[s_parfois 2]
2373,41,34,206,[s_puis 1]
2374,41,34,207,[s_sans-fin]
2375,41,34,208,soudain
2376,41,34,209,often
2377,41,34,210,always
2378,41,34,211,[s_un-peu 1]
2379,41,34,212,[s_vraiment 1]
2380,41,34,213,[s_seulement]
2381,41,34,214,afterwards
2382,41,34,215,in order to
2383,41,34,216,it is
2384,41,34,217,ever
2385,41,34,218,best
2386,42,35,-1,absolutely
2387,42,35,-1,previously
2388,42,35,-1,much
2389,42,35,-1,an hundred
2390,42,35,-1,five
2391,42,35,-1,fifty
2392,42,35,-1,debout
2393,42,35,-1,two
2394,42,35,-1,ten
2395,42,35,-1,twelve
2396,42,35,-1,actually
2397,42,35,-1,hier
2398,42,35,-1,eight
2399,42,35,-1,lentement
2400,42,35,-1,longtemps
2401,42,35,-1,now
2402,42,35,-1,a thousand
2403,42,35,-1,nine
2404,42,35,-1,eleven
2405,42,35,-1,parfois
2406,42,35,-1,partout
2407,42,35,-1,many
2408,42,35,-1, !- 
2409,42,35,-1,infinitly
2410,42,35,-1,sixteen
2411,42,35,-1,seulement
2412,42,35,-1,simplement
2413,42,35,-1,soudain
2414,42,35,-1,often
2415,42,35,-1,tard
2416,42,35,-1,tellement
2417,42,35,-1,always
2418,42,35,-1,thirty
2419,42,35,-1,three
2420,42,35,-1,one
2421,42,35,-1,twenty
2422,42,35,-1,vite
2423,42,35,-1,really
2424,42,35,-1,suffisamment
2425,42,35,-1,immédiatement
2426,42,35,-1,0(1)jadis|0
2427,42,35,-1,avec avidité
2428,42,35,-1,avec passion
2429,42,35,-1,avidement
2430,42,35,-1,intensément
2431,42,35,-1,a lot
2432,42,35,-1,by far
2433,42,35,-1,deeply
2434,42,35,-1,extremely
2435,42,35,-1,greatly
2436,42,35,-1,highly
2437,42,35,-1,hugely
2438,42,35,-1,prodigiously
2439,42,35,-1,strongly
2440,42,35,-1,des conglomérats
2441,42,35,-1,des foultitudes
2442,42,35,-1,quantité
2443,42,35,-1,bien
2444,42,35,-1,convenablement
2445,42,35,-1,correctement
2446,42,35,-1,facilement
2447,42,35,-1,normalement
2448,42,35,-1,bizarrement
2449,42,35,-1,curieusement
2450,42,35,-1,étonnemment
2451,42,35,-1,étrangement
2452,42,35,-1,paradoxalement
2453,42,35,-1,cependant
2454,42,35,-1,apparently
2455,42,35,-1,certainly
2456,42,35,-1,evidently
2457,42,35,-1,most probably
2458,42,35,-1,probably
2459,42,35,-1,without any doubt
2460,42,35,-1,completely
2461,42,35,-1,totally
2462,42,35,-1,wholly
2463,42,35,-1,entirely
2464,42,35,-1,ergo
2465,42,35,-1,par conséquent
2466,42,35,-1,en vain
2467,42,35,-1,inutilement
2468,42,35,-1,vainement
2469,42,35,-1,ensemble
2470,42,35,-1,tous ensemble
2471,42,35,-1,exactly
2472,42,35,-1,precisely
2473,42,35,-1,frequently
2474,42,35,-1,generally
2475,42,35,-1,most of the time
2476,42,35,-1,mostly
2477,42,35,-1,normally
2478,42,35,-1,usually
2479,42,35,-1,notably
2480,42,35,-1,fortuitously
2481,42,35,-1,in an unexpected way
2482,42,35,-1,accidentally
2483,42,35,-1,attentivement
2484,42,35,-1,longuement
2485,42,35,-1,patiemment
2486,42,35,-1,at length
2487,42,35,-1,attentively
2488,42,35,-1,carefully
2489,42,35,-1,patiently
2490,42,35,-1,slowly
2491,42,35,-1,eighteen
2492,42,35,-1,fifteen
2493,42,35,-1,four
2494,42,35,-1,fourteen
2495,42,35,-1,nineteen
2496,42,35,-1,seven
2497,42,35,-1,seventeen
2498,42,35,-1,six
2499,42,35,-1,thirteen
2500,42,35,-1,at intervals
2501,42,35,-1,at times
2502,42,35,-1,from time to time
2503,42,35,-1,approximativement
2504,42,35,-1,quasiment
2505,42,35,-1,vaguement
2506,42,35,-1,ensuite
2507,42,35,-1,puis
2508,42,35,-1,by moments
2509,42,35,-1,continually
2510,42,35,-1,continuously
2511,42,35,-1,endlessly
2512,42,35,-1,indefinitly
2513,42,35,-1,inexhaustibly
2514,42,35,-1,perpétuellement
2515,42,35,-1,with no respite
2516,42,35,-1,without a stop
2517,42,35,-1,excepté
2518,42,35,-1,mis à part
2519,42,35,-1,sauf
2520,42,35,-1,avec attention
2521,42,35,-1,avec minutie
2522,42,35,-1,avec soin
2523,42,35,-1,méthodiquement
2524,42,35,-1,méticuleusement
2525,42,35,-1,minutieusement
2526,42,35,-1,scrupuleusement
2527,42,35,-1,soigneusement
2528,42,35,-1,abruptly
2529,42,35,-1,all of a sudden
2530,42,35,-1,at once
2531,42,35,-1,brutally
2532,42,35,-1,of a sudden
2533,42,35,-1,suddenly
2534,42,35,-1,tout à coup
2535,42,35,-1,unexpectedly
2536,42,35,-1,violently
2537,42,35,-1,with no reason
2538,42,35,-1,all at once
2539,42,35,-1,commonly
2540,42,35,-1,especially
2541,42,35,-1,paticularly
2542,42,35,-1,principally
2543,42,35,-1,constantly
2544,42,35,-1,continualy
2545,42,35,-1,eternally
2546,42,35,-1,perpetually
2547,42,35,-1,des siècles
2548,42,35,-1,entièrement
2549,42,35,-1,intégralement
2550,42,35,-1,tout
2551,42,35,-1,very
2552,42,35,-1,étonnamment
2553,42,35,-1,horriblement
2554,42,35,-1,légèrement
2555,42,35,-1,médiocrement
2556,42,35,-1,modérément
2557,42,35,-1,moyennement
2558,42,35,-1,sans exagération
2559,42,35,-1,un petit peu
2560,42,35,-1,un peu
2561,42,35,-1,un tant soit peu
2562,42,35,-1,à l'instant
2563,42,35,-1,aussitot
2564,42,35,-1,hâtivement
2565,42,35,-1,précipitamment
2566,42,35,-1,promptement
2567,42,35,-1,rapidement
2568,42,35,-1,sans tarder
2569,42,35,-1,soudainement
2570,42,35,-1,subitement
2571,42,35,-1,décidément
2572,42,35,-1,effectivement
2573,42,35,-1,réellement
2574,42,35,-1,tout à fait
2575,42,35,-1,vraiment
3502,73,42,-1,un petit peu
3501,73,42,-1,sans exagération
3500,73,42,-1,moyennement
3499,73,42,-1,modérément
3498,73,42,-1,médiocrement
3497,73,42,-1,légèrement
3496,73,42,-1,horriblement
3495,73,42,-1,étonnamment
3494,73,42,-1,very
3493,73,42,-1,tout
3492,73,42,-1,intégralement
3491,73,42,-1,entièrement
3490,73,42,-1,des siècles
3489,73,42,-1,perpetually
3488,73,42,-1,eternally
3487,73,42,-1,continualy
3486,73,42,-1,constantly
3485,73,42,-1,specially
3484,73,42,-1,principally
3483,73,42,-1,paticularly
3482,73,42,-1,especially
3481,73,42,-1,frequently
3480,73,42,-1,mostly
3479,73,42,-1,most of the time
3478,73,42,-1,generally
3477,73,42,-1,commonly
3476,73,42,-1,unexpectedly
3475,73,42,-1,with no reason
3474,73,42,-1,at once
3473,73,42,-1,tout à coup
3472,73,42,-1,of a sudden
3471,73,42,-1,all of a sudden
3470,73,42,-1,violently
3469,73,42,-1,brutally
3468,73,42,-1,suddenly
3467,73,42,-1,abruptly
3466,73,42,-1,soigneusement
3465,73,42,-1,scrupuleusement
3464,73,42,-1,minutieusement
3463,73,42,-1,méticuleusement
3462,73,42,-1,méthodiquement
3461,73,42,-1,avec soin
3460,73,42,-1,avec minutie
3459,73,42,-1,avec attention
3458,73,42,-1,sauf
3457,73,42,-1,mis à part
3456,73,42,-1,excepté
3455,73,42,-1,without a stop
3454,73,42,-1,with no respite
3453,73,42,-1,perpétuellement
3452,73,42,-1,inexhaustibly
3451,73,42,-1,indefinitly
3450,73,42,-1,endlessly
3449,73,42,-1,continuously
3448,73,42,-1,continually
3447,73,42,-1,by moments
3446,73,42,-1,puis
3445,73,42,-1,ensuite
3444,73,42,-1,vaguement
3443,73,42,-1,quasiment
3442,73,42,-1,approximativement
3441,73,42,-1,usually
3440,73,42,-1,from time to time
3439,73,42,-1,at times
3438,73,42,-1,at intervals
3437,73,42,-1,tres
3436,73,42,-1,trece
3435,73,42,-1,siete
3434,73,42,-1,seiz
3433,73,42,-1,quince
3432,73,42,-1,cuatro
3431,73,42,-1,once
3430,73,42,-1,ocho
3429,73,42,-1,nueve
3428,73,42,-1,dos
3427,73,42,-1,doce
3426,73,42,-1,diez
3425,73,42,-1,dieciséis
3424,73,42,-1,dieciocho
3423,73,42,-1,diecenueve
3422,73,42,-1,cinco
3421,73,42,-1,catorce
3420,73,42,-1,5
3419,73,42,-1,4
3418,73,42,-1,3
3417,73,42,-1,22
3416,73,42,-1,21
3415,73,42,-1,20
3414,73,42,-1,2
3413,73,42,-1,19
3412,73,42,-1,18
3411,73,42,-1,17
3410,73,42,-1,16
3409,73,42,-1,15
3408,73,42,-1,14
3407,73,42,-1,13
3406,73,42,-1,12
3405,73,42,-1,11
3404,73,42,-1,10
3403,73,42,-1,slowly
3402,73,42,-1,patiently
3401,73,42,-1,carefully
3400,73,42,-1,attentively
3399,73,42,-1,at length
3398,73,42,-1,patiemment
3397,73,42,-1,longuement
3396,73,42,-1,attentivement
3395,73,42,-1,fortuitementr
3394,73,42,-1,de preferencia
3393,73,42,-1,prácticamente
3392,73,42,-1,generalmente
3391,73,42,-1,precisely
3390,73,42,-1,exactly
3389,73,42,-1,tous ensemble
3388,73,42,-1,ensemble
3387,73,42,-1,vainement
3386,73,42,-1,inutilement
3385,73,42,-1,en vain
3384,73,42,-1,par conséquent
3383,73,42,-1,ergo
3382,73,42,-1,wholly
3381,73,42,-1,totally
3380,73,42,-1,completely
3379,73,42,-1,without any doubt
3378,73,42,-1,probably
3377,73,42,-1,most probably
3376,73,42,-1,evidently
3375,73,42,-1,certainly
3374,73,42,-1,apparently
3373,73,42,-1,cependant
3372,73,42,-1,paradoxalement
3371,73,42,-1,étrangement
3370,73,42,-1,étonnemment
3369,73,42,-1,curieusement
3368,73,42,-1,bizarrement
3367,73,42,-1,normalement
3366,73,42,-1,facilement
3365,73,42,-1,correctement
3364,73,42,-1,convenablement
3363,73,42,-1,bien
3362,73,42,-1,quantité
3361,73,42,-1,des foultitudes
3360,73,42,-1,des conglomérats
3359,73,42,-1,strongly
3358,73,42,-1,prodigiously
3357,73,42,-1,hugely
3356,73,42,-1,highly
3355,73,42,-1,greatly
3354,73,42,-1,extremely
3353,73,42,-1,deeply
3352,73,42,-1,by far
3351,73,42,-1,a lot
3350,73,42,-1,intensément
3349,73,42,-1,avidement
3348,73,42,-1,avec passion
3347,73,42,-1,avec avidité
3346,73,42,-1,0(1)jadis|0
3345,73,42,-1,immédiatement
3344,73,42,-1,suffisamment
3343,73,42,-1,really
3342,73,42,-1,vite
3341,73,42,-1,twenty
3340,73,42,-1,one
3339,73,42,-1,three
3338,73,42,-1,thirty
3337,73,42,-1,always
3336,73,42,-1,tellement
3335,73,42,-1,tard
3334,73,42,-1,often
3333,73,42,-1,soudain
3332,73,42,-1,simplement
3331,73,42,-1,seulement
3330,73,42,-1,sixteen
3329,73,42,-1,infinitly
3328,73,42,-1, !- 
3327,73,42,-1,many
3326,73,42,-1,partout
3325,73,42,-1,parfois
3324,73,42,-1,eleven
3323,73,42,-1,nine
3322,73,42,-1,a thousand
3321,73,42,-1,now
3320,73,42,-1,longtemps
3319,73,42,-1,lentement
3318,73,42,-1,eight
3317,73,42,-1,hier
3316,73,42,-1,actually
3315,73,42,-1,twelve
3314,73,42,-1,ten
3313,73,42,-1,two
3312,73,42,-1,debout
3311,73,42,-1,fifty
3310,73,42,-1,five
3309,73,42,-1,an hundred
3308,73,42,-1,much
3307,73,42,-1,previously
3306,73,42,-1,absolutely
3021,68,39,1,a menudo
3022,68,39,2,a partir
3023,68,39,3,a veces
3024,68,39,4,a
3025,68,39,5,ahí
3026,68,39,6,ahora
3027,68,39,7,algo
3028,68,39,8,antes
3029,68,39,9,así
3030,68,39,10,aún
3031,68,39,11,bajo
3032,68,39,12,bastante
3033,68,39,13,bien
3034,68,39,14,casi
3035,68,39,15,cerca
3036,68,39,16,como
3037,68,39,17,cómo
3038,68,39,18,con
3039,68,39,19,contra
3040,68,39,20,cuando
3041,68,39,21,de
3042,68,39,22,dentro
3043,68,39,23,desde
3044,68,39,24,donde
3045,68,39,25,durante
3046,68,39,26,en
3047,68,39,27,entre
3048,68,39,28,hasta
3049,68,39,29,más
3050,68,39,30,menos
3051,68,39,31,mientras
3052,68,39,32,mucho
3053,68,39,33,muy
3054,68,39,34,nada
3055,68,39,35,nadie
3056,68,39,36,no
3057,68,39,37,o
3058,68,39,38,para
3059,68,39,39,pero
3060,68,39,40,por
3061,68,39,41,que
3062,68,39,42,quién
3063,68,39,43,según
3064,68,39,44,si
3065,68,39,45,siempre
3066,68,39,46,sin
3067,68,39,47,sino
3068,68,39,48,sobre
3069,68,39,49,cuanto
3070,68,39,50,también
3071,68,39,51,tanto
3072,68,39,52,y
3073,68,39,53,ante
3074,68,39,54,aun
3075,68,39,55,por qué
3076,68,39,56,tal
3077,68,39,57,hay
3078,68,39,58,qué
3079,68,39,59,tan
3080,68,39,60,porque
3081,68,39,61,pues
3082,68,39,62,cada
3083,68,39,63,cada uno
3084,68,39,64,ni
3085,68,39,65,despues
3086,68,39,66,solo
3087,68,39,67,abajo
3088,68,39,68,cualquier
3089,68,39,69,salvo
3090,68,39,70,de alderedor
3091,68,39,71,entonces
3092,68,39,72,sumamiente
3519,68,39,76,pero
3503,73,42,-1,un peu
3504,73,42,-1,un tant soit peu
3505,73,42,-1,à l'instant
3506,73,42,-1,aussitot
3507,73,42,-1,hâtivement
3508,73,42,-1,précipitamment
3509,73,42,-1,promptement
3510,73,42,-1,rapidement
3511,73,42,-1,sans tarder
3512,73,42,-1,soudainement
3513,73,42,-1,subitement
3514,73,42,-1,décidément
3515,73,42,-1,effectivement
3516,73,42,-1,réellement
3517,73,42,-1,tout à fait
3518,73,42,-1,vraiment
4018,34,30,-1,marre
4024,34,30,-1,pourtant
4888,34,30,22,uniquement
4103,34,30,-1,malgré tout
4104,34,30,-1,tout de même
4137,34,30,-1,maintes fois
4193,34,30,-1,solo
4205,34,30,-1,également
4338,34,30,-1,bonjour
4829,102,49,1,jfk
4830,102,49,2,cdnl
4831,34,30,0,récemment
4832,34,30,1,1988
4833,41,34,219,or
4834,42,35,0,sometimes
4835,42,35,1,occasionally
4836,42,35,2,. 
4837,42,35,3,; 
4838,42,35,4, - 
4839,42,35,5,: 
4840,42,35,6,…
4841,34,30,2,follement
4842,34,30,3,éperdument
4843,34,30,4,épisodiquement
4844,34,30,5,périodiquement
4845,4,27,216,alentour
4847,34,30,7,depuis toujours
4848,34,30,8,uniquement
4849,34,30,9,exclusivement
4850,34,30,10,purement
4851,34,30,11,simplement
4852,34,30,12,test
4853,34,30,13,six
4854,34,30,14,très souvent
4855,34,30,15,trop souvent
4856,34,30,16,sept
4857,34,30,17,.
4858,137,60,1,789
4859,137,60,2,790
4860,137,60,3,791
4861,137,60,4,792
4862,137,60,5,793
4863,137,60,6,794
4864,137,60,7,795
4865,137,60,8,796
4866,137,60,9,797
4867,137,60,10,798
4868,137,60,11,799
4869,137,60,12,800
4870,137,60,13,801
4871,137,60,14,802
4872,137,60,15,803
4873,137,60,16,804
4874,137,60,17,805
4875,137,60,18,806
4876,137,60,19,807
4877,137,60,20,808
4878,137,60,21,809
4879,137,60,22,810
4880,137,60,23,820
4881,137,60,24,830
4882,137,60,25,840
4883,137,60,26,850
4884,34,30,18,quatorze
4885,34,30,19,quatre
4886,34,30,20,quinze
4887,34,30,21,quinze
4889,34,30,23,simplement
4890,34,30,24,purement
4891,140,61,1,[70#] [90#]
4892,140,61,2,[38#] [62|m_pays 1] [90#]
4893,140,61,3,[132#] [62|m_terre] [90#]
4894,34,30,25,ainsi
4895,34,30,26,définitivement
4896,34,30,27,durablement
4897,34,30,28,inéluctablement
4898,34,30,29,irrévocablement
4899,34,30,30,irréversiblement
4900,34,30,31,surtout
4901,34,30,32,essentiellement
4902,34,30,33,avant tout
4903,34,30,34,principalement
4904,34,30,35,généralement
4905,34,30,36,auto
4908,34,30,37,.
4909,34,30,38,machinalement
4910,34,30,39,instinctivement
4911,34,30,40,involontairement
4912,34,30,41,mécaniquement
4914,34,30,42,1
4915,34,30,43,2
4916,34,30,44,0
4917,34,30,45,3
4918,34,30,46,4
4919,34,30,47,5
4920,34,30,48,6
4921,34,30,49,7
4922,34,30,50,8
4923,34,30,51,9
4924,34,30,52,subitement
4925,34,30,53,gaîment
4926,34,30,54,joyeusement
4927,34,30,55,jovialement
4928,34,30,56,allègrement
4929,34,30,57,incessamment
4930,4,27,217,toutefois
4931,34,30,58,mollement
4932,34,30,59,doucement
4933,34,30,60,délicatement
4934,34,30,61,délicieusement
4935,34,30,62,paisiblement
4936,34,30,63,furtivement
4937,34,30,64,en grande partie
4938,34,30,65,plus tard
4939,34,30,66,le lendemain
4940,34,30,67,[32|a_autre@m_jour 1]
4941,34,30,68,nullement
4942,34,30,69,pas
4943,34,30,70,pas du tout
4944,4,27,218,c'est-à-dire
4945,34,30,71,autrefois
4946,4,27,219,là-bas
4947,4,27,220,çà
4948,34,30,72,soudain
4949,34,30,73,.
4950,34,30,74, ?
4951,34,30,75,instantanément
4952,34,30,76,sur le champ
4953,34,30,77,tout de suite
4954,34,30,78,à la minute même
4955,148,68,1,thl
4956,34,30,79,ailleurs
4957,34,30,80,auparavant
4959,34,30,81,mais
4960,34,30,82,quand
4961,34,30,83,lorsque
4965,4,27,400,testouille
